rank,company,TYPE,url,year,revenue,net_operating_income,profit,assets,net_worth,equity_divident,employee_cost
1,Reliance Industries,,https://www.fortuneindia.com/fortune-500/company-list/reliance-industries,2019,580553,567135,39588,719829,387112,0,12488
2,Indian Oil Corporation,GOV,https://www.fortuneindia.com/fortune-500/company-list/indian-oil-corporation,2019,535793.18,528148.93,17376.7,215539.11,112469.24,7775.62,11596.28
3,Oil & Natural Gas Corporation,GOV,https://www.fortuneindia.com/fortune-500/company-list/oil-natural-gas-corporation,2019,436057.04,421385.29,30494.96,373902.1,218140.77,0,15852.07
4,State Bank of India,GOV,https://www.fortuneindia.com/fortune-500/company-list/state-bank-of-india,2019,330687.36,253322.14,2299.64,3734917,209841.72,0,43795.01
5,Tata Motors,,https://www.fortuneindia.com/fortune-500/company-list/tata-motors,2019,303227.41,301938.4,-28826.23,195447.73,60179.56,0,33243.87
6,Bharat Petroleum Corporation,GOV,https://www.fortuneindia.com/fortune-500/company-list/bharat-petroleum-corporation,2019,302806.71,298225.59,7802.3,87552.17,38764.72,2386.18,3984.81
7,Rajesh Exports,,https://www.fortuneindia.com/fortune-500/company-list/rajesh-exports,2019,175830.66,175763.12,1292.13,15172.75,8840.05,0,152.19
8,Tata Steel,,https://www.fortuneindia.com/fortune-500/company-list/tata-steel,2019,159835.46,157668.78,10218.33,180561.86,68925.08,0,18758.87
9,Coal India,GOV,https://www.fortuneindia.com/fortune-500/company-list/coal-india,2019,152271.3,147253.81,17461.85,87644.32,26453.92,8105.58,38801.97
10,Tata Consultancy Services,,https://www.fortuneindia.com/fortune-500/company-list/tata-consultancy-services,2019,150774,146463,31472,91835,89254,0,78246
11,Larsen & Toubro,,https://www.fortuneindia.com/fortune-500/company-list/larsen-toubro,2019,144021.04,141007.09,8905.13,195668.3,62374.8,0,18100.58
12,ICICI Bank,,https://www.fortuneindia.com/fortune-500/company-list/icici-bank,2019,131306.5,71981.65,4254.24,1164853.75,111183.41,0,9425.26
13,Hindalco Industries,,https://www.fortuneindia.com/fortune-500/company-list/hindalco-industries,2019,131284.2,130542.25,5495.67,118822.69,57501.73,0,9076.73
14,HDFC Bank,,https://www.fortuneindia.com/fortune-500/company-list/hdfc-bank,2019,124107.79,105160.74,22332.43,1234409.91,153672.66,0,10451.15
15,Mahindra & Mahindra,,https://www.fortuneindia.com/fortune-500/company-list/mahindra-mahindra,2019,109482.57,104720.68,5315.46,129799.06,39983.41,0,11563.89
16,HDFC,,https://www.fortuneindia.com/fortune-500/company-list/hdfc,2019,103584.69,95693.52,16231.76,505717.02,111733.14,3381.9,2967.37
17,NTPC,GOV,https://www.fortuneindia.com/fortune-500/company-list/ntpc,2019,98274.63,95742.03,12640.02,277391.89,110036.99,2951.88,6041.52
18,Vedanta,,https://www.fortuneindia.com/fortune-500/company-list/vedanta,2019,96314,92048,7065,152423,62297,7005,3023
19,Maruti Suzuki India,,https://www.fortuneindia.com/fortune-500/company-list/maruti-suzuki-india,2019,88574.2,86068.5,7649.1,49345.9,47092.1,0,3285
20,Nayara Energy,,https://www.fortuneindia.com/fortune-500/company-list/nayara-energy,2019,87519,85622.7,678.9,48224,18953.3,0,535.7
21,Bharti Airtel,,https://www.fortuneindia.com/fortune-500/company-list/bharti-airtel,2019,86581.3,80780.2,409.5,219195.8,71422.2,1204.8,3797.5
22,Infosys,,https://www.fortuneindia.com/fortune-500/company-list/infosys,2019,85557,82675,15404,65428,64948,0,45315
23,JSW Steel,,https://www.fortuneindia.com/fortune-500/company-list/jsw-steel,2019,85551,84757,7639,86753,34795,0,2489
24,GAIL (India),GOV,https://www.fortuneindia.com/fortune-500/company-list/gail-india,2019,78729.49,76189.89,6545.74,53676.64,46004.1,1409.42,2078.84
25,Grasim Industries,,https://www.fortuneindia.com/fortune-500/company-list/grasim-industries,2019,74098.13,72970.64,1771.92,203480.5,55773.23,0,5193.42
26,Steel Authority of India,GOV,https://www.fortuneindia.com/fortune-500/company-list/steel-authority-of-india,2019,70407.04,66973.49,2348.71,90702.47,39646.15,0,8949.82
27,Axis Bank,,https://www.fortuneindia.com/fortune-500/company-list/axis-bank,2019,70232.4,56043.65,5038.59,779882.99,67802.62,0,5989.87
28,Motherson Sumi Systems,,https://www.fortuneindia.com/fortune-500/company-list/motherson-sumi-systems,2019,64021.3,63522.9,1613.1,27298.1,10962.7,0,14169.4
29,Wipro,,https://www.fortuneindia.com/fortune-500/company-list/wipro,2019,61700,59018.9,9003.7,68261.3,56422.6,450.5,29977.4
30,HCL Technologies,,https://www.fortuneindia.com/fortune-500/company-list/hcl-technologies,2019,61289,60427,10120,47268,41366,1099,29283
31,Bank of Baroda,GOV,https://www.fortuneindia.com/fortune-500/company-list/bank-of-baroda,2019,60793.3,52906.25,1100.1,789793.71,54996.12,0,5434.12
32,Punjab National Bank,GOV,https://www.fortuneindia.com/fortune-500/company-list/punjab-national-bank,2019,59514.52,52147.14,-9570.11,774220.28,41615.28,0,7047.54
33,Canara Bank,GOV,https://www.fortuneindia.com/fortune-500/company-list/canara-bank,2019,54269.14,46896.72,601.85,678522.77,31241.06,0,5962.84
34,Power Finance Corporation,GOV,https://www.fortuneindia.com/fortune-500/company-list/power-finance-corporation,2019,54201.08,54113.94,9920.86,603181.83,47121.25,1325.29,362.66
35,ITC,,https://www.fortuneindia.com/fortune-500/company-list/itc,2019,50741.36,48352.68,12592.33,59739.65,59140.87,0,4177.88
36,Jindal Steel & Power,,https://www.fortuneindia.com/fortune-500/company-list/jindal-steel-power,2019,47207.39,46965.74,-1645.34,72436.31,32427.64,0,1071.85
37,Bank of India,GOV,https://www.fortuneindia.com/fortune-500/company-list/bank-of-india,2019,46268.85,41004.82,-5426.57,614634.26,41327.63,0,6081.82
38,Kotak Mahindra Bank,,https://www.fortuneindia.com/fortune-500/company-list/kotak-mahindra-bank,2019,45979.11,29934.76,7204.13,376962.81,57781.81,0,4850.9
39,General Insurance Corporation of India,,https://www.fortuneindia.com/fortune-500/company-list/general-insurance-corporation-of-india,2019,45073.27,38250.07,2757.57,55916.34,25492.37,0,123.78
40,Hyundai Motor India,,https://www.fortuneindia.com/fortune-500/company-list/hyundai-motor-india,2019,43944.45,43258.09,2581.73,16249.07,13750.86,0,1139.57
41,Bajaj Finserv,,https://www.fortuneindia.com/fortune-500/company-list/bajaj-finserv,2019,42606.93,42605.4,3219.04,137993.18,23765.92,27.85,3801.77
42,Vodafone Idea,,https://www.fortuneindia.com/fortune-500/company-list/vodafone-idea,2019,41367.7,37092.5,-14603.9,197037.7,59634.8,0,2294.4
43,Hindustan Unilever,,https://www.fortuneindia.com/fortune-500/company-list/hindustan-unilever,2019,39848,39310,6054,10061,7867,0,1875
44,Union Bank of India,GOV,https://www.fortuneindia.com/fortune-500/company-list/union-bank-of-india,2019,39355.38,34313.67,-2922.35,487616.05,24600.85,0,3237.23
45,UltraTech Cement,,https://www.fortuneindia.com/fortune-500/company-list/ultratech-cement,2019,37938.26,37379.2,2434.72,51391.9,28388.95,0,2058.79
46,Power Grid Corporation of India,,https://www.fortuneindia.com/fortune-500/company-list/power-grid-corporation-of-india,2019,36149.01,35059.12,10033.52,219771.03,59088.39,3050.02,2300.54
47,Tech Mahindra,,https://www.fortuneindia.com/fortune-500/company-list/tech-mahindra,2019,35276.3,34742.1,4297.6,24901.5,20284.4,0,17507.9
48,Hero MotoCorp,,https://www.fortuneindia.com/fortune-500/company-list/hero-motocorp,2019,34777.35,33970.82,3444.09,13668.96,13120.41,1098.5,1778.03
49,Ashok Leyland,,https://www.fortuneindia.com/fortune-500/company-list/ashok-leyland,2019,34715.19,33620.65,2078.7,29706.55,8745.57,0,2697.15
50,Yes Bank,,https://www.fortuneindia.com/fortune-500/company-list/yes-bank,2019,34299.28,29623.8,1709.27,362869.43,26887.41,0,2538.11
51,Reliance Infrastructure,,https://www.fortuneindia.com/fortune-500/company-list/reliance-infrastructure,2019,33748.17,20361.34,-2426.82,39865.26,14175.74,0,1094.3
52,Tata Power Company,,https://www.fortuneindia.com/fortune-500/company-list/tata-power-company,2019,33388.62,29558.64,2190.94,71815.01,18221.16,0,1488.55
53,Bajaj Auto,,https://www.fortuneindia.com/fortune-500/company-list/bajaj-auto,2019,32553.14,30249.96,4927.61,23417.97,23233.81,0,1256.89
54,Bharat Heavy Electricals,GOV,https://www.fortuneindia.com/fortune-500/company-list/bharat-heavy-electricals,2019,32100.84,30367.65,1011.84,43367.13,30872.38,278.57,6268.92
55,Sun Pharmaceuticals Industries,,https://www.fortuneindia.com/fortune-500/company-list/sun-pharmaceuticals-industries,2019,30524.51,29065.91,2665.42,56241.66,41409.06,0,5967.09
56,NABARD,GOV,https://www.fortuneindia.com/fortune-500/company-list/nabard,2019,29899.2,29660.88,3415.53,475001.44,66934.74,0,1587.35
57,Interglobe Aviation,,https://www.fortuneindia.com/fortune-500/company-list/interglobe-aviation,2019,29822.03,28496.77,157.25,16969.68,6945.81,0,3210.56
58,IFFCO,,https://www.fortuneindia.com/fortune-500/company-list/iffco,2019,29696.79,27851.74,841.58,31084.64,10057.74,0,1174.04
59,IndusInd Bank,GOV,https://www.fortuneindia.com/fortune-500/company-list/indusind-bank,2019,27907.87,22261.15,3300.75,268876.27,26361.7,0,1853.51
60,New India Assurance Company,,https://www.fortuneindia.com/fortune-500/company-list/new-india-assurance-company,2019,27615.29,21524.42,604.71,38904.55,16521,0,2919.07
61,Honda Motorcycle & Scooter India,,https://www.fortuneindia.com/fortune-500/company-list/honda-motorcycle-scooter-india,2019,26656.31,25920.47,1781.16,7666.84,7124.95,0,1510.25
62,Ambuja Cements,,https://www.fortuneindia.com/fortune-500/company-list/ambuja-cements,2019,26626.63,26040.94,2177.4,27831.19,22370.48,0,1524.37
63,Adani Power,,https://www.fortuneindia.com/fortune-500/company-list/adani-power,2019,26361.63,23884.18,-984.4,60215.74,7712.29,0,363.28
64,IDBI Bank,GOV,https://www.fortuneindia.com/fortune-500/company-list/idbi-bank,2019,25637.43,22102.1,-14986.76,310921.53,31619.01,0,2317.79
65,Central Bank of India,GOV,https://www.fortuneindia.com/fortune-500/company-list/central-bank-of-india,2019,25164.95,22748.62,-5616.93,325390.55,16321.44,0,3574.48
66,Syndicate Bank,GOV,https://www.fortuneindia.com/fortune-500/company-list/syndicate-bank,2019,23949.23,21725.41,-2524.2,304263.42,17078.44,0,4071.21
67,Future Retail,,https://www.fortuneindia.com/fortune-500/company-list/future-retail,2019,22903.16,22224.63,727.03,6709.79,3846.65,0,1090.17
68,Avenue Supermarts,,https://www.fortuneindia.com/fortune-500/company-list/avenue-supermarts,2019,22448.11,21955.11,902.54,6289.99,5587.45,0,355.42
69,Andhra Bank,GOV,https://www.fortuneindia.com/fortune-500/company-list/andhra-bank,2019,22290.98,19202.88,-2742,243499.25,12371.96,0,2301.46
70,UPL,,https://www.fortuneindia.com/fortune-500/company-list/upl,2019,22091,21837,1447,47299,14645,0,2095
71,Indian Overseas Bank,GOV,https://www.fortuneindia.com/fortune-500/company-list/indian-overseas-bank,2019,21837.58,17631.26,-3737.88,245039.99,13874.89,0,2646.85
72,Sundaram Clayton,FAMILY,https://www.fortuneindia.com/fortune-500/company-list/sundaram-clayton,2019,21664.45,21547.89,432.14,14042.27,2473.79,72.83,1713.41
73,Indian Bank,GOV,https://www.fortuneindia.com/fortune-500/company-list/indian-bank,2019,21073.5,19182.06,380.13,273914.26,16620.41,0,2227.54
74,Titan Company,,https://www.fortuneindia.com/fortune-500/company-list/titan-company,2019,20737.87,19778.52,1404.15,8609.22,6070.15,0,1019.27
75,Reliance Capital,,https://www.fortuneindia.com/fortune-500/company-list/reliance-capital,2019,20693,20453,-1513,48705,-949,345,1523
76,Oriental Bank of Commerce,GOV,https://www.fortuneindia.com/fortune-500/company-list/oriental-bank-of-commerce,2019,20536.77,17867.69,54.99,265665.98,17399.93,0,2397.62
77,Aurobindo Pharma,,https://www.fortuneindia.com/fortune-500/company-list/aurobindo-pharma,2019,20397.12,19563.55,2364.73,20916.97,13890.78,0,2584.87
78,TVS Motor Company,FAMILY,https://www.fortuneindia.com/fortune-500/company-list/tvs-motor-company,2019,20266.08,20159.99,704.67,12803.63,3170.17,166.28,1432.15
79,Toyota Kirloskar Motor,,https://www.fortuneindia.com/fortune-500/company-list/toyota-kirloskar-motor,2019,20101.69,19633.38,407.67,7348.53,2708.97,0,1014.12
80,Asian Paints,,https://www.fortuneindia.com/fortune-500/company-list/asian-paints,2019,19902.68,19341.52,2159.49,10672.29,9519.69,0,1270.02
81,Max Financial Services,,https://www.fortuneindia.com/fortune-500/company-list/max-financial-services,2019,19501.23,19498.29,262.56,64848.76,2059.04,0,84.37
82,Hindustan Aeronautics,,https://www.fortuneindia.com/fortune-500/company-list/hindustan-aeronautics,2019,19103.2,19893.88,2265.02,25395.69,10855.71,662.09,4311.03
83,Allahabad Bank,GOV,https://www.fortuneindia.com/fortune-500/company-list/allahabad-bank,2019,18806.39,16915.78,-8457.37,243117.46,16291.7,0,2551.15
84,Apollo Tyres,,https://www.fortuneindia.com/fortune-500/company-list/apollo-tyres,2019,18142.47,17548.84,679.84,15767.77,7638.04,0,2456.21
85,EID Parry (India),FAMILY,https://www.fortuneindia.com/fortune-500/company-list/eid-parry-india,2019,17713.42,16565.39,153.49,9609.28,3127.9,0,594.84
86,Corporation Bank,GOV,https://www.fortuneindia.com/fortune-500/company-list/corporation-bank,2019,17504.09,15622.65,-6325.3,209572.88,15712.34,0,1747.47
87,LIC Housing Finance,GOV,https://www.fortuneindia.com/fortune-500/company-list/lic-housing-finance,2019,17395.58,17395.58,2433.95,192660.96,16330.82,343.17,274.58
88,Lupin,,https://www.fortuneindia.com/fortune-500/company-list/lupin,2019,17259.38,16718.18,606.55,23385.65,13742.23,0,3151.29
89,MRF,,https://www.fortuneindia.com/fortune-500/company-list/mrf,2019,17098.02,16062.46,1130.6,13588.21,10837.35,0,1165.28
90,Indiabulls Housing Finance,,https://www.fortuneindia.com/fortune-500/company-list/indiabulls-housing-finance,2019,17027.04,17020.01,4090.53,122906,16482.12,1707.39,777.45
91,Cipla,,https://www.fortuneindia.com/fortune-500/company-list/cipla,2019,16791.94,16362.41,1527.7,20252.65,15012.28,0,2856.53
92,Honda Cars India,,https://www.fortuneindia.com/fortune-500/company-list/honda-cars-india,2019,16593.87,16412.9,1141.78,5402.37,3499.18,0,889.26
93,Tata Communications,,https://www.fortuneindia.com/fortune-500/company-list/tata-communications,2019,16587.45,16524.95,-82.37,13639.17,-181.81,0,2959.66
94,Oil India,GOV,https://www.fortuneindia.com/fortune-500/company-list/oil-india,2019,16084.34,13780.45,3237.8,44954.05,28974.47,964.67,2037.02
95,Dr Reddys Laboratories,,https://www.fortuneindia.com/fortune-500/company-list/dr-reddys-laboratories,2019,16061.1,15448.2,1950,18159.1,14023.6,0,3356.2
96,UCO Bank,GOV,https://www.fortuneindia.com/fortune-500/company-list/uco-bank,2019,15844.14,14330.63,-4321.08,223621.5,15041.3,0,1946.22
97,Nirma,FAMILY,https://www.fortuneindia.com/fortune-500/company-list/nirma,2019,15555.43,15334.58,993.72,20773.24,11276.39,0,1190.62
98,Shriram Transport Finance Company,,https://www.fortuneindia.com/fortune-500/company-list/shriram-transport-finance-company,2019,15545.7,15529.1,2575.68,104164.38,15962.76,249.57,883.05
99,Aditya Birla Capital,,https://www.fortuneindia.com/fortune-500/company-list/aditya-birla-capital,2019,15397.81,15167.61,870.94,106420.41,9512.35,0,788.45
100,PTC India,,https://www.fortuneindia.com/fortune-500/company-list/ptc-india,2019,15285.28,15144.59,425.28,18090.07,3961.93,0,49.93
101,Citibank,,https://www.fortuneindia.com/fortune-500/company-list/citibank,2019,15237.84,11410.01,4185.3,170027.91,23843.58,0,1333.06
102,ACC,,https://www.fortuneindia.com/fortune-500/company-list/acc,2019,15079.58,14801.62,1520.47,10675.22,10531.9,0,883.58
103,Exide Industries,,https://www.fortuneindia.com/fortune-500/company-list/exide-industries,2019,14925.75,14720.88,845.55,18962.71,6106.86,136,1034.25
104,Jindal Stainless,,https://www.fortuneindia.com/fortune-500/company-list/jindal-stainless,2019,13870.85,13557.33,142.38,7367.54,2526.54,0,211.91
105,Piramal Enterprises,,https://www.fortuneindia.com/fortune-500/company-list/piramal-enterprises,2019,13523.05,13215.34,1473.09,83529.27,27253.03,0,2250.35
106,Cadila Healthcare,,https://www.fortuneindia.com/fortune-500/company-list/cadila-healthcare,2019,13476.4,13165.6,1848.8,19838,10386.3,0,2124.1
107,Torrent Power,,https://www.fortuneindia.com/fortune-500/company-list/torrent-power,2019,13378.37,13169.2,898.94,20945.78,8970.23,0,679.27
108,National Fertilizer,,https://www.fortuneindia.com/fortune-500/company-list/national-fertilizer,2019,13320.1,12245.24,295.08,11494.29,2213.8,0,556.01
109,L&T Finance Holdings,,https://www.fortuneindia.com/fortune-500/company-list/lt-finance-holdings,2019,13301.52,12989.72,2226.3,105268.97,13448.6,199.71,824.73
110,Siemens,,https://www.fortuneindia.com/fortune-500/company-list/siemens,2019,13167.6,12795.3,901.2,8574.8,8298.9,0,1457.3
111,IDFC First Bank,GOV,https://www.fortuneindia.com/fortune-500/company-list/idfc-first-bank,2019,13142.66,12204.02,-1907.88,158536.35,18199.37,0,1279.37
112,Bosch,,https://www.fortuneindia.com/fortune-500/company-list/bosch,2019,13038.5,12257.9,1598.3,9470.1,9117.8,0,1370.4
113,Federal Bank,GOV,https://www.fortuneindia.com/fortune-500/company-list/federal-bank,2019,12970.66,11635.44,1316.29,157163.94,13493.25,0,1425.66
114,Dewan Housing Finance Corporation,,https://www.fortuneindia.com/fortune-500/company-list/dewan-housing-finance-corporation,2019,12911.66,12882.14,-965.91,102099.54,7937.37,78.41,485.33
115,NCC,,https://www.fortuneindia.com/fortune-500/company-list/ncc,2019,12867.31,12895.64,578.69,7878.2,4595.37,0,495.16
116,Shree Cement,,https://www.fortuneindia.com/fortune-500/company-list/shree-cement,2019,12844.35,12554.65,1006.39,13859.85,9670.75,87.09,767.18
117,NMDC,,https://www.fortuneindia.com/fortune-500/company-list/nmdc,2019,12820.85,12152.67,4618.84,27190.56,26044,1690.14,1039.4
118,Jindal Saw,,https://www.fortuneindia.com/fortune-500/company-list/jindal-saw,2019,12749.19,12117,850.16,11848.29,6282.36,0,914.17
119,Rain Industries,,https://www.fortuneindia.com/fortune-500/company-list/rain-industries,2019,12531.01,12239.41,581.63,13593.25,4622.74,0,1235.52
120,Bank of Maharashtra,GOV,https://www.fortuneindia.com/fortune-500/company-list/bank-of-maharashtra,2019,12417.92,10849.69,-4763.25,156668.48,4509.98,0,1794.78
121,Bharat Electronics,GOV,https://www.fortuneindia.com/fortune-500/company-list/bharat-electronics,2019,12367.84,12164.17,1886.4,10405.46,9211.5,0,1895.63
122,Standard Chartered Bank,,https://www.fortuneindia.com/fortune-500/company-list/standard-chartered-bank,2019,12341.5,10500.05,2168.55,143833.88,27218.41,0,1570.87
123,Adani Ports & Special Economic Zone,,https://www.fortuneindia.com/fortune-500/company-list/adani-ports-special-economic-zone,2019,12287.78,10925.44,3990.22,53622.08,24372.32,0,529.81
124,Varroc Engineering,,https://www.fortuneindia.com/fortune-500/company-list/varroc-engineering,2019,12214.66,12036.47,446.32,5686.76,3087.1,0.84,1501.49
125,Tata Chemicals,,https://www.fortuneindia.com/fortune-500/company-list/tata-chemicals,2019,12175.46,11489.46,1155.91,23019.62,12341.27,0,1351.8
126,Bombay Burmah Trading Corporation,,https://www.fortuneindia.com/fortune-500/company-list/bombay-burmah-trading-corporation,2019,12161.12,11423.2,888.67,7937.88,4763.75,0,578.58
127,HSBC,,https://www.fortuneindia.com/fortune-500/company-list/hsbc,2019,11938.29,9974.58,2565.63,159042.61,23081.31,0,1002.8
128,National Aluminium Company,,https://www.fortuneindia.com/fortune-500/company-list/national-aluminium-company,2019,11831.56,11499.32,1733.69,11178.39,10484.94,839.53,2072.28
129,NLC India,,https://www.fortuneindia.com/fortune-500/company-list/nlc-india,2019,11804.04,9905.2,1507.71,38272.38,12769.45,628.15,3237.41
130,Nestle India,,https://www.fortuneindia.com/fortune-500/company-list/nestle-india,2019,11557.2,11292.27,1606.93,6174.31,3673.74,867.74,1124.15
131,CESC,,https://www.fortuneindia.com/fortune-500/company-list/cesc,2019,11508.98,10664.14,1183.98,27314.26,8973.84,279.66,1235.77
132,Britannia Industries,,https://www.fortuneindia.com/fortune-500/company-list/britannia-industries,2019,11316.3,11054.67,1159.12,4480.64,4253.25,0,441.82
133,KEC International,,https://www.fortuneindia.com/fortune-500/company-list/kec-international,2019,10967.22,11000.53,495.77,4288.46,2435.1,0,832.19
134,United Bank of India,GOV,https://www.fortuneindia.com/fortune-500/company-list/united-bank-of-india,2019,10944.46,8559.88,-2315.93,148685.91,10575.1,0,1954.49
135,Chambal Fertilisers & Chemicals,,https://www.fortuneindia.com/fortune-500/company-list/chambal-fertilisers-chemicals,2019,10887.45,10177.36,590.21,11841.26,2883.25,0,166.46
136,Edelweiss Financial Services,,https://www.fortuneindia.com/fortune-500/company-list/edelweiss-financial-services,2019,10881.75,10820.14,995.17,58701.1,7676.98,124.12,1649.99
137,Kalpataru Power Transmission,,https://www.fortuneindia.com/fortune-500/company-list/kalpataru-power-transmission,2019,10879.99,10840.48,466.75,8132.85,3119.47,0,788.54
138,NHPC,,https://www.fortuneindia.com/fortune-500/company-list/nhpc,2019,10760.19,9027.49,2595.61,57824.51,30797.81,713.2,2150.46
139,SIDBI,,https://www.fortuneindia.com/fortune-500/company-list/sidbi,2019,10754.02,10628.37,1959.28,163711.73,17089.47,136.97,368.87
140,JK Tyre & Industries,,https://www.fortuneindia.com/fortune-500/company-list/jk-tyre-industries,2019,10746.91,10369.94,176.34,8659.83,2284.4,0,915.35
141,Bharat Forge,,https://www.fortuneindia.com/fortune-500/company-list/bharat-forge,2019,10723.89,10145.73,1032.17,9614,5376.06,116.4,1246.3
142,Eicher Motors,,https://www.fortuneindia.com/fortune-500/company-list/eicher-motors,2019,10709.01,9797.06,2202.73,9201.6,8918.72,0,702.44
143,Godrej Industries,,https://www.fortuneindia.com/fortune-500/company-list/godrej-industries,2019,10703.83,11139.97,589.53,13815.73,4346.44,0,626.92
144,Jaiprakash Associates,,https://www.fortuneindia.com/fortune-500/company-list/jaiprakash-associates,2019,10631.42,10820.75,-2110.36,34792.91,1055.86,0,644.95
145,Hindustan Construction Company,,https://www.fortuneindia.com/fortune-500/company-list/hindustan-construction-company,2019,10555.44,10321.56,-341.14,4498.38,-936.17,0,1007.74
146,Godrej Consumer Products,,https://www.fortuneindia.com/fortune-500/company-list/godrej-consumer-products,2019,10539.78,10314.34,2341.53,10979.04,4926.16,1226.52,1090.9
147,M&M Financial Services,,https://www.fortuneindia.com/fortune-500/company-list/mm-financial-services,2019,10477.78,10429.06,1827.3,70240.85,11269.02,245.79,1477.95
148,Rail Vikas Nigam,,https://www.fortuneindia.com/fortune-500/company-list/rail-vikas-nigam,2019,10452.47,10068.68,705.24,7685.51,4395.57,167.57,162.1
149,Havells India,,https://www.fortuneindia.com/fortune-500/company-list/havells-india,2019,10418.72,10044.7,785.98,4366.43,4217.99,0,841.72
150,Glenmark Pharmaceuticals,,https://www.fortuneindia.com/fortune-500/company-list/glenmark-pharmaceuticals,2019,10299.46,9865.47,924.99,10142.61,5605.19,0,2056.07
151,NBCC (India),,https://www.fortuneindia.com/fortune-500/company-list/nbcc-india,2019,9988.04,9942.97,375.16,1781.96,1508.41,0,326.42
152,Dalmia Bharat,,https://www.fortuneindia.com/fortune-500/company-list/dalmia-bharat,2019,9875,9484,308,16825,10639,0,648
153,Macrotech Developers,,https://www.fortuneindia.com/fortune-500/company-list/macrotech-developers,2019,9789.76,9515.44,1216.93,20671.98,3237.84,0,405.22
154,Apollo Hospitals Enterprise,,https://www.fortuneindia.com/fortune-500/company-list/apollo-hospitals-enterprise,2019,9721.42,9617.44,236.05,7633.78,3325.71,0,1598.24
155,Rashtriya Chemicals & Fertilizers,,https://www.fortuneindia.com/fortune-500/company-list/rashtriya-chemicals-fertilizers,2019,9593.86,8885.47,134.08,6966.6,3029.65,0,593.72
156,JSW Energy,,https://www.fortuneindia.com/fortune-500/company-list/jsw-energy,2019,9537.49,9137.59,695.13,22441.35,11822.24,0,224.75
157,Gujarat State Petronet,,https://www.fortuneindia.com/fortune-500/company-list/gujarat-state-petronet,2019,9499.15,9345.12,998.6,9048.95,3295.23,0,224.53
158,Dilip Buildcon,,https://www.fortuneindia.com/fortune-500/company-list/dilip-buildcon,2019,9495.73,9415.84,547.45,11379.05,2805.97,0,142.77
159,Adani Enterprises,,https://www.fortuneindia.com/fortune-500/company-list/adani-enterprises,2019,9480.98,7780.43,717.14,28277.87,14755.94,0,656.4
160,Punjab & Sind Bank,GOV,https://www.fortuneindia.com/fortune-500/company-list/punjab-sind-bank,2019,9386.95,8558.67,-543.48,106973,4771.59,0,1175.81
161,United Spirits,,https://www.fortuneindia.com/fortune-500/company-list/united-spirits,2019,9347.3,9340.8,700.2,6023.9,3090.3,0,689.8
162,Jain Irrigation Systems,,https://www.fortuneindia.com/fortune-500/company-list/jain-irrigation-systems,2019,9321.68,8982.41,239.09,9909.55,4413.09,0,967.8
163,Hubli Electricity Supply Company,,https://www.fortuneindia.com/fortune-500/company-list/hubli-electricity-supply-company,2019,9267.2,7764.56,689.99,5525.93,-369.33,0,781.8
164,Tata Capital,,https://www.fortuneindia.com/fortune-500/company-list/tata-capital,2019,9261.88,9131.05,779.88,77875.69,5831.38,0,814.78
165,SpiceJet,,https://www.fortuneindia.com/fortune-500/company-list/spicejet,2019,9252.76,9121.48,-302.41,1726.38,-349.96,0,1058.42
166,GSFC,,https://www.fortuneindia.com/fortune-500/company-list/gsfc,2019,9244.17,8490.67,493.13,8863.71,7320.68,0,530.68
167,Parle Biscuits,,https://www.fortuneindia.com/fortune-500/company-list/parle-biscuits,2019,9173.2,8780.18,410.05,3779.55,3727.68,0,246.95
168,DLF,,https://www.fortuneindia.com/fortune-500/company-list/dlf,2019,9156.73,8366.09,1319.2,52237.61,33576.54,0,351.62
169,Jubilant Life Sciences,,https://www.fortuneindia.com/fortune-500/company-list/jubilant-life-sciences,2019,9148.43,9110.82,574.46,9773.96,4808.92,0,1925.96
170,Welspun Corp,,https://www.fortuneindia.com/fortune-500/company-list/welspun-corp,2019,9098.84,8953.48,-13.26,4262.08,2797.64,0,571.96
171,Export-Import Bank of India,GOV,https://www.fortuneindia.com/fortune-500/company-list/export-import-bank-of-india,2019,9096.57,8726.56,81.65,106985.91,14681.81,0,58.35
172,Graphite India,,https://www.fortuneindia.com/fortune-500/company-list/graphite-india,2019,8865,7857.9,3395.58,5713.25,5350.58,390.75,311.49
173,PC Jeweller,,https://www.fortuneindia.com/fortune-500/company-list/pc-jeweller,2019,8826.01,8679.96,0.61,6086.38,3920.66,0,120.29
174,Dabur India,,https://www.fortuneindia.com/fortune-500/company-list/dabur-india,2019,8799.48,8514.99,1442.33,6426.51,5631.68,220.79,937.91
175,Zuari Agro Chemicals,,https://www.fortuneindia.com/fortune-500/company-list/zuari-agro-chemicals,2019,8779.44,8102.9,-170.58,6928.26,1269.94,0,175.62
176,Reliance Power,,https://www.fortuneindia.com/fortune-500/company-list/reliance-power,2019,8538.35,8201.31,-2951.82,49937.04,17377.47,0,186.5
177,Jammu and Kashmir Bank,GOV,https://www.fortuneindia.com/fortune-500/company-list/jammu-and-kashmir-bank,2019,8493.04,7675.56,463.85,98882.55,6016.01,0,1650.11
178,Sterling & Wilson Solar,,https://www.fortuneindia.com/fortune-500/company-list/sterling-wilson-solar,2019,8448.67,8240.41,638.99,3073.91,841.01,0,177.89
179,Aditya Birla Fashion & Retail,,https://www.fortuneindia.com/fortune-500/company-list/aditya-birla-fashion-retail,2019,8411,8119.94,321.22,3420.63,1428.88,0,913.02
180,GMR Infrastructure,,https://www.fortuneindia.com/fortune-500/company-list/gmr-infrastructure,2019,8393.02,7399.72,-3580.58,31746.76,-820.06,0,759.88
181,Bharti Infratel,,https://www.fortuneindia.com/fortune-500/company-list/bharti-infratel,2019,8385.5,6826.2,2493.8,15183.4,14531.6,1387.2,291.5
182,Mahindra CIE Automotive,,https://www.fortuneindia.com/fortune-500/company-list/mahindra-cie-automotive,2019,8212.3,8031.5,498.1,6317.1,4289.1,0,1329.7
183,DCM Shriram,,https://www.fortuneindia.com/fortune-500/company-list/dcm-shriram,2019,8166.79,7771.14,905.5,5385.86,3525.68,0,663.73
184,Marico,,https://www.fortuneindia.com/fortune-500/company-list/marico,2019,8166,7940,1118,3382,2999,589,466
185,Polycab India,,https://www.fortuneindia.com/fortune-500/company-list/polycab-india,2019,8157.03,7955.98,499.7,3169.75,2846.96,0,300.25
186,Apar Industries,,https://www.fortuneindia.com/fortune-500/company-list/apar-industries,2019,8105.22,7963.85,136.06,1464.95,1202.37,0,148.02
187,Aster DM Healthcare,,https://www.fortuneindia.com/fortune-500/company-list/aster-dm-healthcare,2019,8102.46,7962.71,333.11,6942.46,3213.76,0,2688.18
188,Uflex,,https://www.fortuneindia.com/fortune-500/company-list/uflex,2019,8010.92,7957.22,313.84,6445.42,4304.33,0,670.52
189,Mphasis,,https://www.fortuneindia.com/fortune-500/company-list/mphasis,2019,7907.69,7730.98,1073.35,5917.12,5249.82,0,4298.69
190,SRF,,https://www.fortuneindia.com/fortune-500/company-list/srf,2019,7803.88,7692.69,641.63,7916.09,4129.27,0,515.91
191,RBL Bank,GOV,https://www.fortuneindia.com/fortune-500/company-list/rbl-bank,2019,7743.07,6302.09,857.84,77724.48,7533.88,0,752.31
192,Bandhan Bank,,https://www.fortuneindia.com/fortune-500/company-list/bandhan-bank,2019,7707.1,6644.05,1951.5,54954.71,11201.74,0,1008.69
193,Adani Transmission,,https://www.fortuneindia.com/fortune-500/company-list/adani-transmission,2019,7656.64,7305.45,559.2,29328.08,8042.88,0,586.92
194,Torrent Pharmaceuticals,,https://www.fortuneindia.com/fortune-500/company-list/torrent-pharmaceuticals,2019,7646.41,7672.8,436.28,11073.28,4724.35,220,1403.79
195,South Indian Bank,GOV,https://www.fortuneindia.com/fortune-500/company-list/south-indian-bank,2019,7602.73,6876.52,247.53,90660.39,5098.49,0,821.43
196,Muthoot Finance,,https://www.fortuneindia.com/fortune-500/company-list/muthoot-finance,2019,7601.05,7594.43,2078.01,40217.09,9931.2,0,1013.34
197,Voltas,,https://www.fortuneindia.com/fortune-500/company-list/voltas,2019,7591.19,7124.07,507.91,4544.75,4109.99,0,641.86
198,Endurance Technologies,,https://www.fortuneindia.com/fortune-500/company-list/endurance-technologies,2019,7539.02,7510.5,495.01,3369.72,2564.68,0,652.74
199,Alkem Laboratories,,https://www.fortuneindia.com/fortune-500/company-list/alkem-laboratories,2019,7441.25,7357.19,760.51,6730.44,5439.34,95.65,1362.46
200,Container Corporation Of India,GOV,https://www.fortuneindia.com/fortune-500/company-list/container-corporation-of-india,2019,7427.05,7060.05,1231.62,11293.94,10329.9,0,337
201,Tata Global Beverages,,https://www.fortuneindia.com/fortune-500/company-list/tata-global-beverages,2019,7423.04,7251.5,408.19,9688.96,7309.83,0,806.3
202,Pidilite Industries,,https://www.fortuneindia.com/fortune-500/company-list/pidilite-industries,2019,7304.19,7078.74,924.91,4597.89,4148.09,0,836.66
203,Arvind,,https://www.fortuneindia.com/fortune-500/company-list/arvind,2019,7267.78,7142.18,226.23,5650.39,2750.44,0,899.92
204,APL Apollo Tubes,,https://www.fortuneindia.com/fortune-500/company-list/apl-apollo-tubes,2019,7252.33,7152.32,148.25,1880.54,964.06,0,107.94
205,CEAT,,https://www.fortuneindia.com/fortune-500/company-list/ceat,2019,7243.18,6984.51,252.22,4330.93,2766.11,0,542.01
206,HEG,,https://www.fortuneindia.com/fortune-500/company-list/heg,2019,7199.08,6592.83,3026.16,4466.73,3793.69,0,197.57
207,Security & Intelligence Services India,,https://www.fortuneindia.com/fortune-500/company-list/security-intelligence-services-india,2019,7121.8,7093.27,215.82,3120.56,1249.89,0,5757.07
208,Mindtree,,https://www.fortuneindia.com/fortune-500/company-list/mindtree,2019,7110.8,7021.5,754.1,3324.5,3306.1,147.8,4421.2
209,Cholamandalam Investment & Finance Co.,,https://www.fortuneindia.com/fortune-500/company-list/cholamandalam-investment-finance-co,2019,7108.83,7087.85,1198.06,56806.82,6208.71,101.63,604.68
210,Vardhman Textiles,,https://www.fortuneindia.com/fortune-500/company-list/vardhman-textiles,2019,7107.51,6877.92,730.72,8019.72,5591.48,0,550.23
211,ABB India,,https://www.fortuneindia.com/fortune-500/company-list/abb-india,2019,7081.21,6690.12,510.89,4050.02,4007.32,0,529.5
212,Raymond,,https://www.fortuneindia.com/fortune-500/company-list/raymond,2019,6973.78,6582.28,167.98,4563.12,1953.79,0,934.82
213,Amara Raja Batteries,,https://www.fortuneindia.com/fortune-500/company-list/amara-raja-batteries,2019,6969.02,6793.11,483.23,3508.91,3335.04,34.16,345.39
214,Bajaj Electricals,,https://www.fortuneindia.com/fortune-500/company-list/bajaj-electricals,2019,6963.45,6679.41,156.4,2738.35,1055.93,0,360.56
215,Allcargo Logistics,,https://www.fortuneindia.com/fortune-500/company-list/allcargo-logistics,2019,6933.88,6894.86,241.96,2653.75,1998.78,0,1069.64
216,Karnataka Bank,GOV,https://www.fortuneindia.com/fortune-500/company-list/karnataka-bank,2019,6907.92,5905.96,477.24,77562.82,5373.06,0,605.56
217,IRB Infrastructure Developers,,https://www.fortuneindia.com/fortune-500/company-list/irb-infrastructure-developers,2019,6902.62,6707.02,849.97,36501.65,6315.15,87.86,286.17
218,Prestige Estates Projects,,https://www.fortuneindia.com/fortune-500/company-list/prestige-estates-projects,2019,6898,5171.9,415.6,12999.9,4226.6,0,398.6
219,Future Lifestyle Fashions,,https://www.fortuneindia.com/fortune-500/company-list/future-lifestyle-fashions,2019,6892.03,6304.16,188.99,2745.79,1827.03,0,330.79
220,Deutsche Bank,,https://www.fortuneindia.com/fortune-500/company-list/deutsche-bank,2019,6891,5676.21,1199.16,88843.45,15958.66,0,584.52
221,Deepak Fertilizers & Petrochemicals Corp,,https://www.fortuneindia.com/fortune-500/company-list/deepak-fertilizers-petrochemicals-corp,2019,6860.39,6742.06,70.67,5220.04,2097.85,0,277.66
222,Bajaj Hindusthan Sugar,,https://www.fortuneindia.com/fortune-500/company-list/bajaj-hindusthan-sugar,2019,6795.86,6806.39,-136.56,8879.08,2777.11,0,275.29
223,Karur Vysya Bank,GOV,https://www.fortuneindia.com/fortune-500/company-list/karur-vysya-bank,2019,6778.59,5815.82,210.87,67856.1,6422.8,0,761.17
224,Thomas Cook (India),,https://www.fortuneindia.com/fortune-500/company-list/thomas-cook-india,2019,6771.68,6603.25,84.82,10096.6,8893.42,0,771.16
225,Whirlpool of India,,https://www.fortuneindia.com/fortune-500/company-list/whirlpool-of-india,2019,6755.28,6588.14,409.74,2344.28,2145.38,0,493.05
226,Birla Corporation,,https://www.fortuneindia.com/fortune-500/company-list/birla-corporation,2019,6648.11,6548.73,255.69,9230.23,3673.81,0,370.65
227,Welspun India,,https://www.fortuneindia.com/fortune-500/company-list/welspun-india,2019,6597.45,6526.62,209.83,6404.73,2779.32,0,711.43
228,United Breweries,,https://www.fortuneindia.com/fortune-500/company-list/united-breweries,2019,6581.86,6475.43,562.94,3409.48,3183.77,0,448.43
229,Escorts,,https://www.fortuneindia.com/fortune-500/company-list/escorts,2019,6565.75,6262.02,478.93,3014.07,2673.49,0,484.73
230,SREI Infrastructure Finance,,https://www.fortuneindia.com/fortune-500/company-list/srei-infrastructure-finance,2019,6550.55,6565.39,486.85,37516.29,4111.17,25.15,260.35
231,Future Enterprises,,https://www.fortuneindia.com/fortune-500/company-list/future-enterprises,2019,6434.07,6172.93,144.96,11642.05,3993.51,0,234.13
232,BASF India,,https://www.fortuneindia.com/fortune-500/company-list/basf-india,2019,6367.86,6025.67,81.72,2394.01,1412.89,0,376.47
233,Prism Johnson,,https://www.fortuneindia.com/fortune-500/company-list/prism-johnson,2019,6321.86,6194.42,116.4,3823.65,1126.11,25.17,565.55
234,Berger Paints India,,https://www.fortuneindia.com/fortune-500/company-list/berger-paints-india,2019,6295.84,6061.86,497.86,3022.95,2472.7,0,408.51
235,Simplex Infrastructures,,https://www.fortuneindia.com/fortune-500/company-list/simplex-infrastructures,2019,6257.87,6117.22,122.3,5504.23,2045.93,0,493.39
236,Dish TV India,,https://www.fortuneindia.com/fortune-500/company-list/dish-tv-india,2019,6231.65,6166.13,-1144.9,8277.2,5489.98,0,247.51
237,Reliance Communications,,https://www.fortuneindia.com/fortune-500/company-list/reliance-communications,2019,6204,4015,-7206,47221,-4180,0,521
238,GNFC,,https://www.fortuneindia.com/fortune-500/company-list/gnfc,2019,6165.8,5896.02,749.74,6328.38,5064.73,0,523.63
239,Tata Sky,,https://www.fortuneindia.com/fortune-500/company-list/tata-sky,2019,6148.75,6103.49,461.87,4138.05,-45.48,0,286.34
240,Thermax,,https://www.fortuneindia.com/fortune-500/company-list/thermax,2019,6141.17,5973.17,325.43,3341.42,3014.29,0,769.01
241,Shriram City Union Finance,,https://www.fortuneindia.com/fortune-500/company-list/shriram-city-union-finance,2019,6069.86,6066.95,1001.74,30965.87,6584.29,118.75,897.47
242,Cummins India,,https://www.fortuneindia.com/fortune-500/company-list/cummins-india,2019,6065.03,5697.31,742.61,4699.07,4282.98,194.04,561.91
243,Biocon,,https://www.fortuneindia.com/fortune-500/company-list/biocon,2019,6064,5514.4,905.3,10038.2,6097.1,0,1165.3
244,GFL,,https://www.fortuneindia.com/fortune-500/company-list/gfl,2019,6054.94,5698.11,1304.89,9687.18,5976.83,0,391.62
245,Minda Industries,,https://www.fortuneindia.com/fortune-500/company-list/minda-industries,2019,5971.39,5908.09,285.62,3228.69,1704.16,11.8,791.29
246,Renault India,,https://www.fortuneindia.com/fortune-500/company-list/renault-india,2019,5967.54,5826.88,-278.45,2283.96,387.74,0,84.77
247,Surya Roshni,,https://www.fortuneindia.com/fortune-500/company-list/surya-roshni,2019,5945.34,5980.11,120.81,2404.55,1151.86,0,293.76
248,Zee Entertainment Enterprises,,https://www.fortuneindia.com/fortune-500/company-list/zee-entertainment-enterprises,2019,5911.2,7933.9,1567.1,10187.7,8923.9,0,724.9
249,Tube Investments of India,,https://www.fortuneindia.com/fortune-500/company-list/tube-investments-of-india,2019,5869.85,5774.77,240.42,2189.55,1475.4,0,577.91
250,The India Cements,,https://www.fortuneindia.com/fortune-500/company-list/the-india-cements,2019,5831.18,5770.37,21.06,8922.61,5245.98,0,358.55
251,Supreme Industries,,https://www.fortuneindia.com/fortune-500/company-list/supreme-industries,2019,5710.48,5611.99,448.63,2334.42,2153.97,61.25,228.02
252,Kansai Nerolac Paints,,https://www.fortuneindia.com/fortune-500/company-list/kansai-nerolac-paints,2019,5686.62,5424.32,452.75,3544.39,3416.33,0,283.41
253,Aegis Logistics,,https://www.fortuneindia.com/fortune-500/company-list/aegis-logistics,2019,5632.04,5615.82,221.39,1738.57,1391.27,16.7,51.53
254,HUDCO,,https://www.fortuneindia.com/fortune-500/company-list/hudco,2019,5591.22,5582.52,1179.85,70844.74,10954.76,135.13,224.12
255,Sadbhav Engineering,,https://www.fortuneindia.com/fortune-500/company-list/sadbhav-engineering,2019,5558.84,5240.05,21.13,14043.25,835,0,214.16
256,Balkrishna Industries,,https://www.fortuneindia.com/fortune-500/company-list/balkrishna-industries,2019,5487.71,5209.99,773.65,5567.51,4653.66,115.99,299.15
257,Divis Laboratories,,https://www.fortuneindia.com/fortune-500/company-list/divis-laboratories,2019,5406.48,4946.26,1352.74,7075.92,6957.15,0,542.27
258,JK Cement,,https://www.fortuneindia.com/fortune-500/company-list/jk-cement,2019,5326.76,5258.68,263.63,6035.11,2694.97,0,401.09
259,ISGEC Heavy Engineering,,https://www.fortuneindia.com/fortune-500/company-list/isgec-heavy-engineering,2019,5323.21,5050.66,142.76,2216.41,1515.2,3.68,375.49
260,Trident,,https://www.fortuneindia.com/fortune-500/company-list/trident,2019,5319.76,5248.6,371.77,5408.77,2973.02,116.69,597.76
261,GSK Consumer Healthcare,,https://www.fortuneindia.com/fortune-500/company-list/gsk-consumer-healthcare,2019,5273.53,4782.01,982.8,4254.11,4094.72,0,644.62
262,Sterlite Technologies,,https://www.fortuneindia.com/fortune-500/company-list/sterlite-technologies,2019,5258.79,5087.26,562.75,3930.06,1719.3,0,511.23
263,Shree Renuka Sugars,,https://www.fortuneindia.com/fortune-500/company-list/shree-renuka-sugars,2019,5235.56,4508.09,-1448.37,-2604.75,-4182.69,0,126.6
264,IIFL Finance,,https://www.fortuneindia.com/fortune-500/company-list/iifl-finance,2019,5200.14,4988.45,690.69,31044.86,3694.87,157,683.12
265,Varun Beverages,,https://www.fortuneindia.com/fortune-500/company-list/varun-beverages,2019,5192.5,5105.26,292.84,4926.17,1998.5,0,582.95
266,Ircon International,,https://www.fortuneindia.com/fortune-500/company-list/ircon-international,2019,5177.05,4798.43,450.07,8176.16,3964.22,0,263.57
267,The Ramco Cements,,https://www.fortuneindia.com/fortune-500/company-list/the-ramco-cements,2019,5169,5162.34,510.72,6207.38,4537,0,337.94
268,Oracle Financial Services Software,,https://www.fortuneindia.com/fortune-500/company-list/oracle-financial-services-software,2019,5134.99,4958.9,1385.9,5067.05,4936.54,0,2195.81
269,Blue Star,,https://www.fortuneindia.com/fortune-500/company-list/blue-star,2019,5104.27,5234.84,190.06,1240.96,873.06,0,421.49
270,Suzlon Energy,,https://www.fortuneindia.com/fortune-500/company-list/suzlon-energy,2019,5102.13,5024.69,-1527.18,3229.59,-8497.61,0,874.16
271,Philips India,,https://www.fortuneindia.com/fortune-500/company-list/philips-india,2019,5052.8,4912.1,190.7,2333.1,2096.5,0,1314.2
272,Fortis Healthcare,,https://www.fortuneindia.com/fortune-500/company-list/fortis-healthcare,2019,5028.08,4578.04,-298.94,9215.11,6600.8,0,916.96
273,Ashoka Buildcon,,https://www.fortuneindia.com/fortune-500/company-list/ashoka-buildcon,2019,5007.22,4930.12,-33.46,9402.44,286.89,0,188.39
274,Schaeffler India,,https://www.fortuneindia.com/fortune-500/company-list/schaeffler-india,2019,4882.23,4561.51,419.8,2803.22,2706.13,0,317.86
275,Balrampur Chini Mills,,https://www.fortuneindia.com/fortune-500/company-list/balrampur-chini-mills,2019,4873.64,4285.78,575.82,3883.47,2117.79,57.11,230.46
276,Hinduja Global Solutions,,https://www.fortuneindia.com/fortune-500/company-list/hinduja-global-solutions,2019,4861.18,4816.67,177.18,2366.37,1643.59,0,3250.67
277,Sintex Plastics Technology,,https://www.fortuneindia.com/fortune-500/company-list/sintex-plastics-technology,2019,4806.41,4710.95,94.27,7522.86,3573.93,0,796.95
278,Polyplex Corporation,,https://www.fortuneindia.com/fortune-500/company-list/polyplex-corporation,2019,4803.55,4569.89,330.03,4804.65,2771.24,143.93,344.6
279,Himachal Futuristic Communications,,https://www.fortuneindia.com/fortune-500/company-list/himachal-futuristic-communications,2019,4792.67,4737.79,219.91,2049.05,1441.66,0,199.76
280,India Infrastructure Finance Company,,https://www.fortuneindia.com/fortune-500/company-list/india-infrastructure-finance-company,2019,4776.51,4264.73,-428.7,50152.09,3897.48,0,37.14
281,Aarti Industries,,https://www.fortuneindia.com/fortune-500/company-list/aarti-industries,2019,4767.01,4705.51,491.73,5319.04,2630.26,0,242.82
282,Cyient,,https://www.fortuneindia.com/fortune-500/company-list/cyient,2019,4737.9,4617.5,478.5,3116,2564.1,0,2548.2
283,Hatsun Agro Product,,https://www.fortuneindia.com/fortune-500/company-list/hatsun-agro-product,2019,4713.98,4760.3,114.85,1833.2,804.68,77.61,155.92
284,Hexaware Technologies,,https://www.fortuneindia.com/fortune-500/company-list/hexaware-technologies,2019,4705.62,4647.76,583.46,2422.48,2391.86,0,2479.95
285,Sundram Fasteners,,https://www.fortuneindia.com/fortune-500/company-list/sundram-fasteners,2019,4681.89,4557.9,457.49,2893.79,1869.97,98.76,459.32
286,Indian Hotels Co,,https://www.fortuneindia.com/fortune-500/company-list/indian-hotels-co,2019,4643.62,4512,286.82,7755.99,4348,0,1470.79
287,Joyalukkas India,,https://www.fortuneindia.com/fortune-500/company-list/joyalukkas-india,2019,4622.49,4405.69,135.9,2444.08,1207.33,0,217.55
288,Colgate-Palmolive (India),,https://www.fortuneindia.com/fortune-500/company-list/colgate-palmolive-india,2019,4555.07,4462.43,775.57,1549.94,1446.75,707.16,313.71
289,Crompton Greaves Consumer Electrical,,https://www.fortuneindia.com/fortune-500/company-list/crompton-greaves-consumer-electrical,2019,4550.21,4478.91,401.38,1763.89,1097.34,0,291.88
290,Tamil Nadu Newsprint & Papers,GOV,https://www.fortuneindia.com/fortune-500/company-list/tamil-nadu-newsprint-papers,2019,4524.61,4392.39,94.39,3718.8,1651.68,0,267.51
291,Bombay Dyeing & Manufacturing Company,,https://www.fortuneindia.com/fortune-500/company-list/bombay-dyeing-manufacturing-company,2019,4477.48,4429.76,1241.72,4179.62,209,0,94.66
292,Jayaswal Neco Industries,,https://www.fortuneindia.com/fortune-500/company-list/jayaswal-neco-industries,2019,4475.18,4226.53,-443.87,4641.94,699.59,0,219.3
293,Team Lease Services,,https://www.fortuneindia.com/fortune-500/company-list/team-lease-services,2019,4465.66,4447.6,98.03,615.81,539.12,0,4197.15
294,KRBL,,https://www.fortuneindia.com/fortune-500/company-list/krbl,2019,4421.22,4120.49,503.02,4161.42,2726.7,0,77.02
295,Atul,FAMILY,https://www.fortuneindia.com/fortune-500/company-list/atul,2019,4411.95,4264.98,432.23,2838.79,2705.71,0,259.84
296,GVK Power & Infrastructure,,https://www.fortuneindia.com/fortune-500/company-list/gvk-power-infrastructure,2019,4388.61,4098.17,-363.49,20053.44,-1203.05,0,210.59
297,KEI Industries,,https://www.fortuneindia.com/fortune-500/company-list/kei-industries,2019,4346.35,4230.98,180.86,1386.01,778.05,0,173.39
298,Shoppers Stop,,https://www.fortuneindia.com/fortune-500/company-list/shoppers-stop,2019,4312.2,3577.93,64.97,989.87,914.71,0,329.6
299,JK Lakshmi Cement,,https://www.fortuneindia.com/fortune-500/company-list/jk-lakshmi-cement,2019,4282.3,4316.31,51.25,3980.75,1484.58,0,290.13
300,City Union Bank,GOV,https://www.fortuneindia.com/fortune-500/company-list/city-union-bank,2019,4281.56,3767.17,682.85,43769.61,4840.76,21.96,364.44
301,Sundaram Finance,,https://www.fortuneindia.com/fortune-500/company-list/sundaram-finance,2019,4254.1,3771.94,1160.85,33040.04,6259.29,225.54,429.13
302,Skoda Auto India,,https://www.fortuneindia.com/fortune-500/company-list/skoda-auto-india,2019,4226.58,3759.75,-6.38,1284.74,675.51,0,120.5
303,Century Textiles & Industries,,https://www.fortuneindia.com/fortune-500/company-list/century-textiles-industries,2019,4225.05,3940.53,668.67,9024.83,3293.15,0,275.59
304,Kesoram Industries,,https://www.fortuneindia.com/fortune-500/company-list/kesoram-industries,2019,4215.25,4202.02,-363.32,3562.44,112.26,0,355.56
305,GE T&D India,,https://www.fortuneindia.com/fortune-500/company-list/ge-td-india,2019,4193.63,4218.82,212.67,1652.9,1427.99,0,382.91
306,Manappuram Finance,,https://www.fortuneindia.com/fortune-500/company-list/manappuram-finance,2019,4178.84,4116.32,922.41,19960.33,4524.65,181.2,720.11
307,Fullerton India Credit Company,,https://www.fortuneindia.com/fortune-500/company-list/fullerton-india-credit-company,2019,4138.12,4131.06,775.22,23078.21,3651.87,0,577.14
308,Wockhardt,,https://www.fortuneindia.com/fortune-500/company-list/wockhardt,2019,4138.04,4158.38,-194.53,6432.71,2674.8,0,936.9
309,Electrotherm (India),,https://www.fortuneindia.com/fortune-500/company-list/electrotherm-india,2019,4136.19,4040.18,141.85,1406.92,-1221.97,0,164.46
310,Jaiprakash Power Ventures,,https://www.fortuneindia.com/fortune-500/company-list/jaiprakash-power-ventures,2019,4055.65,3891.62,-373.44,32066.41,7384.33,5.07,104.92
311,Castrol India,,https://www.fortuneindia.com/fortune-500/company-list/castrol-india,2019,4053.41,3904.55,708.36,1181.53,1165.66,222.55,203.4
312,Zensar Technologies,,https://www.fortuneindia.com/fortune-500/company-list/zensar-technologies,2019,4051.47,3966.33,313.59,2337.18,1942.36,22.49,2152.58
313,Alembic Pharmaceuticals,,https://www.fortuneindia.com/fortune-500/company-list/alembic-pharmaceuticals,2019,4036.33,3934.68,584.37,3898.5,2718.82,0,746.69
314,Sun TV Network,,https://www.fortuneindia.com/fortune-500/company-list/sun-tv-network,2019,4025.06,3782.54,1433.27,5542.97,5526.49,492.61,153.57
315,Shipping Corporation of India,,https://www.fortuneindia.com/fortune-500/company-list/shipping-corporation-of-india,2019,4021.51,3925.86,-62.66,12558.81,7183.22,0,450.04
316,Gujarat Ambuja Exports,,https://www.fortuneindia.com/fortune-500/company-list/gujarat-ambuja-exports,2019,3987.66,4021.44,198.15,1439.3,1208.24,0,82.95
317,Prakash Industries,,https://www.fortuneindia.com/fortune-500/company-list/prakash-industries,2019,3986.97,3587.51,539.22,3553.47,2853.6,0,212.09
318,LT Foods,,https://www.fortuneindia.com/fortune-500/company-list/lt-foods,2019,3949.1,3890.43,126.53,3137.08,1329.12,0,151.89
319,Future Consumer,,https://www.fortuneindia.com/fortune-500/company-list/future-consumer,2019,3932.39,3880.65,-6.39,1852.25,990.22,0,131.18
320,Ipca Laboratories,,https://www.fortuneindia.com/fortune-500/company-list/ipca-laboratories,2019,3918.79,3745.69,444.83,3629.72,3122.39,0,787.4
321,Jindal Poly Films,,https://www.fortuneindia.com/fortune-500/company-list/jindal-poly-films,2019,3863.97,3726.21,-408.65,3644.59,2257.01,0,92.7
322,Firstsource Solutions,,https://www.fortuneindia.com/fortune-500/company-list/firstsource-solutions,2019,3830.17,3826.28,377.79,3284.85,2720.73,0,2557.26
323,Great Eastern Shipping Company,,https://www.fortuneindia.com/fortune-500/company-list/great-eastern-shipping-company,2019,3829.89,3547.11,-21.45,13234.47,6809.67,0,711.6
324,PNC Infratech,,https://www.fortuneindia.com/fortune-500/company-list/pnc-infratech,2019,3821.68,3774.36,351.37,6371.52,2024.39,0,215.75
325,Sobha,,https://www.fortuneindia.com/fortune-500/company-list/sobha,2019,3809.93,3442.07,296.99,4845.1,2229.11,0,235.86
326,Abbott India,,https://www.fortuneindia.com/fortune-500/company-list/abbott-india,2019,3794.07,3678.6,450.33,2084.02,2008.59,0,435.58
327,Mukand,,https://www.fortuneindia.com/fortune-500/company-list/mukand,2019,3786.42,3689.46,-115.48,3527.9,914.96,0,209.68
328,Triveni Engineering and Industries,,https://www.fortuneindia.com/fortune-500/company-list/triveni-engineering-and-industries,2019,3775.42,3151.74,216.28,2897.58,1140.52,0,224.37
329,Force Motors,,https://www.fortuneindia.com/fortune-500/company-list/force-motors,2019,3768.32,3652.45,143.33,2253.23,1933.21,0,418.13
330,NIIT Technologies,,https://www.fortuneindia.com/fortune-500/company-list/niit-technologies,2019,3729.7,3676.2,403.3,2220.9,2072.3,0,2153.2
331,Ballarpur Industries,,https://www.fortuneindia.com/fortune-500/company-list/ballarpur-industries,2019,3727.86,3643.06,-930.95,7295.34,-1142.81,0,271.88
332,Indiabulls Real Estate,,https://www.fortuneindia.com/fortune-500/company-list/indiabulls-real-estate,2019,3714.6,4943.89,504.15,10301.38,2950.12,0,138.48
333,Brigade Enterprises,,https://www.fortuneindia.com/fortune-500/company-list/brigade-enterprises,2019,3707.08,2972.78,239.91,6311.87,2161.11,0,187.9
334,Kirloskar Oil Engines,,https://www.fortuneindia.com/fortune-500/company-list/kirloskar-oil-engines,2019,3670.9,3627.67,219.17,1927.85,1698.58,36.16,242.91
335,Tamilnad Mercantile Bank,GOV,https://www.fortuneindia.com/fortune-500/company-list/tamilnad-mercantile-bank,2019,3638.8,3224.46,258.58,38754.5,3618.25,34.36,375.31
336,Time Technoplast,,https://www.fortuneindia.com/fortune-500/company-list/time-technoplast,2019,3616.68,3563.73,202.74,2555.36,1662.32,0,163.92
337,Jubilant Foodworks,,https://www.fortuneindia.com/fortune-500/company-list/jubilant-foodworks,2019,3609.7,3563.14,319.79,1262.72,1259.64,0,681.82
338,Phillips Carbon Black,,https://www.fortuneindia.com/fortune-500/company-list/phillips-carbon-black,2019,3603.89,3528.56,383.7,2450.48,1649.89,0,111.12
339,JM Financial,,https://www.fortuneindia.com/fortune-500/company-list/jm-financial,2019,3578.65,3556.5,572.18,21805,5131.69,134.25,421.61
340,Gokul Agro Resources,,https://www.fortuneindia.com/fortune-500/company-list/gokul-agro-resources,2019,3569.63,3483.67,10.88,547.12,234.67,0,24.06
341,Strides Pharma Science,,https://www.fortuneindia.com/fortune-500/company-list/strides-pharma-science,2019,3565.24,3011.68,324.62,6511.55,2648.71,0,442.58
342,Avanti Feeds,,https://www.fortuneindia.com/fortune-500/company-list/avanti-feeds,2019,3550.3,3487.78,273.63,1385.41,1205.96,0,100.32
343,Gayatri Projects,,https://www.fortuneindia.com/fortune-500/company-list/gayatri-projects,2019,3535.02,3463.15,160.1,4884.84,1166.12,0,119.71
344,KPR Mill,,https://www.fortuneindia.com/fortune-500/company-list/kpr-mill,2019,3525.35,3391.64,334.87,2649.35,1790.17,0,380.73
345,Wheels India,,https://www.fortuneindia.com/fortune-500/company-list/wheels-india,2019,3524.32,3441.33,76.51,1162.96,640.34,9.43,335.27
346,Dhampur Sugar Mills,,https://www.fortuneindia.com/fortune-500/company-list/dhampur-sugar-mills,2019,3513.57,2954.06,251.04,3102.2,1224.7,28.01,149.68
347,JP Morgan Chase Bank,,https://www.fortuneindia.com/fortune-500/company-list/jp-morgan-chase-bank,2019,3500.4,2370.09,1317.51,42177.43,12048.25,0,179.88
348,JK Paper,,https://www.fortuneindia.com/fortune-500/company-list/jk-paper,2019,3494.41,3492.26,427.28,3718.08,2038.1,0,262.73
349,Garden Silk Mills,,https://www.fortuneindia.com/fortune-500/company-list/garden-silk-mills,2019,3492.2,3480.73,-89.77,1130.97,-303.02,0,126.28
350,BEML,,https://www.fortuneindia.com/fortune-500/company-list/beml,2019,3480.97,3474.25,63.18,3100.79,2187.37,18.74,805.75
351,Kirloskar Brothers,,https://www.fortuneindia.com/fortune-500/company-list/kirloskar-brothers,2019,3470.12,3348.98,3.48,1361.65,909.31,0,583.82
352,Persistent Systems,,https://www.fortuneindia.com/fortune-500/company-list/persistent-systems,2019,3453.6,3365.94,351.68,2371.63,2344.68,0,1924.95
353,GHCL,,https://www.fortuneindia.com/fortune-500/company-list/ghcl,2019,3440.53,3341.32,350.58,3233.82,1925.5,0,201.21
354,Saraswat Co-operative Bank,GOV,https://www.fortuneindia.com/fortune-500/company-list/saraswat-co-operative-bank,2019,3430.04,3019.3,291.29,42547.54,3612,29.73,320.74
355,AU Small Finance Bank,,https://www.fortuneindia.com/fortune-500/company-list/au-small-finance-bank,2019,3410.87,2948.84,381.81,31198.68,3162.89,0,601.11
356,Godawari Power & Ispat,,https://www.fortuneindia.com/fortune-500/company-list/godawari-power-ispat,2019,3399.89,3321.64,252.11,3233.84,1169.29,0,117.55
357,AIA Engineering,,https://www.fortuneindia.com/fortune-500/company-list/aia-engineering,2019,3397.22,3069.5,510.83,3660.3,3513.7,0,126.39
358,IFB Industries,,https://www.fortuneindia.com/fortune-500/company-list/ifb-industries,2019,3395.33,3314.82,72.95,715.95,618.39,0,263.83
359,DCB Bank,,https://www.fortuneindia.com/fortune-500/company-list/dcb-bank,2019,3391.92,3041.49,325.37,34273.92,2871.23,0,433.99
360,India Glycols,,https://www.fortuneindia.com/fortune-500/company-list/india-glycols,2019,3384.62,3356.6,132.61,2374.55,962.63,0,100.84
361,Sintex Industries,,https://www.fortuneindia.com/fortune-500/company-list/sintex-industries,2019,3376.05,3256.95,21.52,10373.73,4412.76,0,178.71
362,Bharat Dynamics,,https://www.fortuneindia.com/fortune-500/company-list/bharat-dynamics,2019,3371.21,3069.35,422.59,2554.7,2268.54,96.22,534.21
363,Monnet Ispat & Energy,,https://www.fortuneindia.com/fortune-500/company-list/monnet-ispat-energy,2019,3338.94,1884.06,-3552.11,4172.28,1168.03,0,90.35
364,Finolex Cables,,https://www.fortuneindia.com/fortune-500/company-list/finolex-cables,2019,3332.84,3077.79,407.47,2747.05,2737.08,0,140.7
365,Maharashtra Seamless,,https://www.fortuneindia.com/fortune-500/company-list/maharashtra-seamless,2019,3304.59,3072.71,234.2,4158.82,3070.12,0,71.33
366,TAFE Motors & Tractors,,https://www.fortuneindia.com/fortune-500/company-list/tafe-motors-tractors,2019,3295.7,3154.68,335.51,2420.53,2386.59,15,215.09
367,BGR Energy Systems,,https://www.fortuneindia.com/fortune-500/company-list/bgr-energy-systems,2019,3269.97,3272.83,19.3,3644.51,1176.66,0,233.71
368,Honeywell Automation India,,https://www.fortuneindia.com/fortune-500/company-list/honeywell-automation-india,2019,3260.86,3174.74,358.84,1784.89,1747.46,0,539.8
369,GSK Pharmaceuticals,,https://www.fortuneindia.com/fortune-500/company-list/gsk-pharmaceuticals,2019,3253.64,3128.12,445.39,2457.4,2139.83,0,537.2
370,Bank of America,,https://www.fortuneindia.com/fortune-500/company-list/bank-of-america,2019,3251.15,2320.06,857.77,46493.29,11034.48,0,347.89
371,Gujarat Alkalies & Chemicals,GOV,https://www.fortuneindia.com/fortune-500/company-list/gujarat-alkalies-chemicals,2019,3237.25,3161.38,690.19,4639.9,4295.58,0,206.96
372,Finolex Industries,,https://www.fortuneindia.com/fortune-500/company-list/finolex-industries,2019,3217.07,3091.32,367.25,2745.36,2576.2,0,134.43
373,Blue Dart Express,,https://www.fortuneindia.com/fortune-500/company-list/blue-dart-express,2019,3193.64,3174.4,89.76,1172.29,577.72,0,698.36
374,Cochin Shipyard,GOV,https://www.fortuneindia.com/fortune-500/company-list/cochin-shipyard,2019,3188.97,2962.16,478.13,3483.94,3328.64,0,277.56
375,Mangalore Chemicals & Fertilizers,,https://www.fortuneindia.com/fortune-500/company-list/mangalore-chemicals-fertilizers,2019,3184.38,3073.64,32.88,2229.89,495.16,0,70.71
376,SKF India,,https://www.fortuneindia.com/fortune-500/company-list/skf-india,2019,3170.63,3034.53,335.77,1819.31,1696.94,0,258.28
377,Nava Bharat Ventures,,https://www.fortuneindia.com/fortune-500/company-list/nava-bharat-ventures,2019,3168.96,3103.46,357.55,8045.85,3809.98,0,173.54
378,Minda Corporation,,https://www.fortuneindia.com/fortune-500/company-list/minda-corporation,2019,3161.8,3092,169.2,1897.5,1190.4,5.7,509.2
379,Supreme Petrochem,,https://www.fortuneindia.com/fortune-500/company-list/supreme-petrochem,2019,3146.97,3193.81,49.21,648.3,642.43,9.65,39.66
380,IFCI,,https://www.fortuneindia.com/fortune-500/company-list/ifci,2019,3134.49,2821.46,-488.67,22910.57,5356.67,0,293.41
381,PVR,,https://www.fortuneindia.com/fortune-500/company-list/pvr,2019,3118.7,3085.56,183.63,3023.91,1239.49,0,337.26
382,Venkys (India),,https://www.fortuneindia.com/fortune-500/company-list/venkys-india,2019,3108.95,3043.14,174.14,1162.1,881.49,0,194.49
383,SJVN,,https://www.fortuneindia.com/fortune-500/company-list/sjvn,2019,3107.15,2661.97,1366.56,14288.23,11246.24,589.47,316.41
384,Lakshmi Vilas Bank,,https://www.fortuneindia.com/fortune-500/company-list/lakshmi-vilas-bank,2019,3090.21,2839.89,-894.1,32093.28,1710.97,0,401.66
385,Bata India,,https://www.fortuneindia.com/fortune-500/company-list/bata-india,2019,3079.06,2931.1,328.99,1844.36,1741.84,0,331.08
386,Jai Balaji Industries,,https://www.fortuneindia.com/fortune-500/company-list/jai-balaji-industries,2019,3079.04,3077.47,-153.68,2058.46,-1579.95,0,81.81
387,Oberoi Realty,,https://www.fortuneindia.com/fortune-500/company-list/oberoi-realty,2019,3073.39,2582.5,816.93,9788.67,8029.17,0,136.22
388,Trent,,https://www.fortuneindia.com/fortune-500/company-list/trent,2019,3058.57,2869.52,96.96,2153.83,1646.51,0,286.81
389,Infinite Computer Solutions India,,https://www.fortuneindia.com/fortune-500/company-list/infinite-computer-solutions-india,2019,3056.3,3030.77,101.29,1288.81,1123.73,0,2630.5
390,Page Industries,,https://www.fortuneindia.com/fortune-500/company-list/page-industries,2019,3048.66,2852.2,393.94,869.1,774.99,377,467.48
391,Tata SIA Airlines,,https://www.fortuneindia.com/fortune-500/company-list/tata-sia-airlines,2019,3045.55,2994.38,-830.81,1902.19,1455.91,0,395.34
392,P&G Hygiene and Health Care,,https://www.fortuneindia.com/fortune-500/company-list/pg-hygiene-and-health-care,2019,3037.57,2946.5,419.13,974.56,909.06,0,132.38
393,Kajaria Ceramics,,https://www.fortuneindia.com/fortune-500/company-list/kajaria-ceramics,2019,3010.74,2956.2,226.57,1768.26,1574.9,0,345.45
394,Asahi India Glass,,https://www.fortuneindia.com/fortune-500/company-list/asahi-india-glass,2019,2998.36,2913.04,190.18,2877.85,1215.69,0,279.81
395,JBF Industries,,https://www.fortuneindia.com/fortune-500/company-list/jbf-industries,2019,2997,2958.27,-758.09,3144.67,703.69,0,79.38
396,Sonata Software,,https://www.fortuneindia.com/fortune-500/company-list/sonata-software,2019,2990.91,2960.9,249.26,827.38,768.26,49.33,568.86
397,Akzo Nobel India,,https://www.fortuneindia.com/fortune-500/company-list/akzo-nobel-india,2019,2975.7,2918.4,211,1213.4,1135.1,0,265.6
398,Dixon Technologies (India),,https://www.fortuneindia.com/fortune-500/company-list/dixon-technologies-india,2019,2975.42,2984.45,63.36,682.51,378.22,0,83.87
399,RSWM,,https://www.fortuneindia.com/fortune-500/company-list/rswm,2019,2941.05,2962.02,-38.29,2306.57,784.72,0,350.69
400,MEP Infrastructure Developers,,https://www.fortuneindia.com/fortune-500/company-list/mep-infrastructure-developers,2019,2939.46,2814.91,56.28,3397.94,265.51,0,120.9
401,WABCO India,,https://www.fortuneindia.com/fortune-500/company-list/wabco-india,2019,2938.99,2854.14,282.17,1811.16,1779.97,0,248.33
402,Forbes & Company,,https://www.fortuneindia.com/fortune-500/company-list/forbes-company,2019,2935.02,2853.42,6.96,1619.89,263.64,0,686.27
403,Sanofi India,,https://www.fortuneindia.com/fortune-500/company-list/sanofi-india,2019,2918.5,2768.3,380.6,2268.3,2219.2,41.5,406.8
404,Konkan Railway Corporation,,https://www.fortuneindia.com/fortune-500/company-list/konkan-railway-corporation,2019,2898.68,2825.4,101.87,4284.15,2068.1,0,480.7
405,Narayana Hrudayalaya,,https://www.fortuneindia.com/fortune-500/company-list/narayana-hrudayalaya,2019,2877.16,2860.92,59.17,2166.98,1081.14,0,624.05
406,Filatex India,,https://www.fortuneindia.com/fortune-500/company-list/filatex-india,2019,2874.7,2874.1,84.98,1115.74,472.08,0,63.24
407,Shirpur Gold Refinery,,https://www.fortuneindia.com/fortune-500/company-list/shirpur-gold-refinery,2019,2872.21,2864.8,21.32,938.92,360.41,0,3.7
408,Deepak Nitrite,,https://www.fortuneindia.com/fortune-500/company-list/deepak-nitrite,2019,2868.63,2699.92,173.66,2283.35,1071.59,17.73,179.77
409,PI Industries,,https://www.fortuneindia.com/fortune-500/company-list/pi-industries,2019,2850.4,2840.9,410.2,2382.6,2285.4,34.5,264.7
410,J Kumar Infraprojects,,https://www.fortuneindia.com/fortune-500/company-list/j-kumar-infraprojects,2019,2846.16,2787.09,177.07,2358.98,1667.5,0,247.71
411,Himatsingka Seide,,https://www.fortuneindia.com/fortune-500/company-list/himatsingka-seide,2019,2840.04,2617.65,196.84,4516.16,1421.06,0,263.61
412,Nectar Lifescience,,https://www.fortuneindia.com/fortune-500/company-list/nectar-lifescience,2019,2839.34,2782.87,47.6,2030.78,1105.17,0,76.54
413,Electrosteel Castings,,https://www.fortuneindia.com/fortune-500/company-list/electrosteel-castings,2019,2835.69,2699.44,38.17,4622.13,2638.53,0,250.93
414,Ratnamani Metals & Tubes,,https://www.fortuneindia.com/fortune-500/company-list/ratnamani-metals-tubes,2019,2829.39,2754.9,252.92,1595.45,1522.76,0,129.09
415,Lakshmi Machine Works,,https://www.fortuneindia.com/fortune-500/company-list/lakshmi-machine-works,2019,2816.08,2711.77,185.38,1763.73,1710.3,0,315.54
416,Transport Corporation of India,,https://www.fortuneindia.com/fortune-500/company-list/transport-corporation-of-india,2019,2798.24,2753.64,144.4,1369.45,891.96,13.8,140.17
417,Redington India,,https://www.fortuneindia.com/fortune-500/company-list/redington-india,2019,2786.54,1937.16,507.78,5662.15,3905.98,0,724.2
418,Va Tech Wabag,,https://www.fortuneindia.com/fortune-500/company-list/va-tech-wabag,2019,2785.93,2780.96,105.02,1859.7,1068.91,0,250.16
419,Galaxy Surfactants,,https://www.fortuneindia.com/fortune-500/company-list/galaxy-surfactants,2019,2775.59,2762.99,190.98,1185.57,876.73,17.73,164.64
420,Carborundum Universal,,https://www.fortuneindia.com/fortune-500/company-list/carborundum-universal,2019,2762.87,2688.9,247.68,1882.76,1724.11,28.37,327.32
421,Essel Propack,,https://www.fortuneindia.com/fortune-500/company-list/essel-propack,2019,2747.71,2706.93,192.53,2058.35,1387.96,0,500.56
422,Amber Enterprises India,,https://www.fortuneindia.com/fortune-500/company-list/amber-enterprises-india,2019,2744.71,2717.59,93.66,1283.41,986.15,0,58.76
423,HSIL,,https://www.fortuneindia.com/fortune-500/company-list/hsil,2019,2742.91,2712.37,70.05,2751.77,1512.81,0,360.54
424,Emami,,https://www.fortuneindia.com/fortune-500/company-list/emami,2019,2742.36,2692.94,303.23,2236.26,2076.06,0,279.72
425,Canon India,,https://www.fortuneindia.com/fortune-500/company-list/canon-india,2019,2742.01,2610.64,62.85,662.08,611.18,0,204.15
426,Bayer CropScience,,https://www.fortuneindia.com/fortune-500/company-list/bayer-cropscience,2019,2725.6,2685.7,237.6,1997.1,1883.4,0,321.2
427,Mahanagar Telephone Nigam,GOV,https://www.fortuneindia.com/fortune-500/company-list/mahanagar-telephone-nigam,2019,2721.5,2085.41,-3388.07,11391.18,-9727.83,0,2440.77
428,Rane Holdings,,https://www.fortuneindia.com/fortune-500/company-list/rane-holdings,2019,2716.05,2553.44,103.73,1716.81,865.67,0,445.94
429,Engineers India,GOV,https://www.fortuneindia.com/fortune-500/company-list/engineers-india,2019,2698.11,2475.8,369.55,2360.38,2347.32,205.37,777.98
430,Orient Cement,,https://www.fortuneindia.com/fortune-500/company-list/orient-cement,2019,2690.62,2672.91,47.55,2386.65,1053.51,0,154.77
431,Godfrey Phillips India,,https://www.fortuneindia.com/fortune-500/company-list/godfrey-phillips-india,2019,2678.67,2585.64,260.31,2137.95,2038.72,0,280.7
432,Prime Focus,,https://www.fortuneindia.com/fortune-500/company-list/prime-focus,2019,2663.74,2540.25,-22.71,3292.04,528.37,0,1591.91
433,V-Guard Industries,,https://www.fortuneindia.com/fortune-500/company-list/v-guard-industries,2019,2658.64,2594.01,167.24,931.2,899.41,0,205.4
434,Shankara Building Products,,https://www.fortuneindia.com/fortune-500/company-list/shankara-building-products,2019,2655.24,2654.1,32.74,676.88,479.04,0,64.27
435,Birlasoft,,https://www.fortuneindia.com/fortune-500/company-list/birlasoft,2019,2651.09,2550.67,289.47,1821.28,1713.55,0,1535.19
436,Vindhya Telelinks,,https://www.fortuneindia.com/fortune-500/company-list/vindhya-telelinks,2019,2634.8,2095.37,275.61,3248.33,2185.67,0,87.18
437,Southern Petrochemical Industries Corporation,,https://www.fortuneindia.com/fortune-500/company-list/southern-petrochemical-industries-corporation,2019,2631.61,2637.42,62.99,800.05,370.81,0,61.97
438,Patel Engineering,,https://www.fortuneindia.com/fortune-500/company-list/patel-engineering,2019,2627.19,2362.21,154.15,5793.94,2276.71,0,167.63
439,Sutlej Textiles and Industries,,https://www.fortuneindia.com/fortune-500/company-list/sutlej-textiles-and-industries,2019,2623.97,2613.77,58.26,1894.2,941.84,0,329.96
440,Heritage Foods,,https://www.fortuneindia.com/fortune-500/company-list/heritage-foods,2019,2621.6,2514.75,81.43,1415.37,802.56,0,141.83
441,Usha Martin,,https://www.fortuneindia.com/fortune-500/company-list/usha-martin,2019,2594.43,2469.52,47.98,6391.19,782.01,0,278.91
442,Brightcom Group,,https://www.fortuneindia.com/fortune-500/company-list/brightcom-group,2019,2577.73,2580.24,443.98,3079.76,3003.76,0,158.51
443,Dhunseri Investments,,https://www.fortuneindia.com/fortune-500/company-list/dhunseri-investments,2019,2575.63,2672.1,87.74,1598.41,846.66,0.91,34.34
444,Astral Poly Technik,,https://www.fortuneindia.com/fortune-500/company-list/astral-poly-technik,2019,2564.8,2507.29,195.81,1571.04,1276.46,0,139.13
445,Wall Street Finance,,https://www.fortuneindia.com/fortune-500/company-list/wall-street-finance,2019,2563.37,2562.4,0.11,49.28,39.17,0,10.4
446,ITD Cementation India,,https://www.fortuneindia.com/fortune-500/company-list/itd-cementation-india,2019,2551.53,2532.06,65.5,1570.85,1020.87,0,318.49
447,Avadh Sugar & Energy,,https://www.fortuneindia.com/fortune-500/company-list/avadh-sugar-energy,2019,2549,2130.17,119.87,2083.53,508.52,0,85.09
448,The Fertilizers & Chemicals Travancore,,https://www.fortuneindia.com/fortune-500/company-list/the-fertilizers-chemicals-travancore,2019,2543.74,2010.01,163.14,997.03,-1457.71,0,230.15
449,BNP Paribas,,https://www.fortuneindia.com/fortune-500/company-list/bnp-paribas,2019,2538.15,2293.88,414.03,31149.56,6782.17,0,169.24
450,Magma Fincorp,,https://www.fortuneindia.com/fortune-500/company-list/magma-fincorp,2019,2514.06,2456.99,304.01,15948.31,2743.88,18.96,436.64
451,TVS Srichakra,,https://www.fortuneindia.com/fortune-500/company-list/tvs-srichakra,2019,2510.2,2430.98,102.94,1253.57,728.26,0,269.27
452,DB Corp,,https://www.fortuneindia.com/fortune-500/company-list/db-corp,2019,2478.41,2462.7,273.84,1941.74,1826.93,34.98,435.07
453,Motilal Oswal Financial Services,,https://www.fortuneindia.com/fortune-500/company-list/motilal-oswal-financial-services,2019,2468.23,2463.35,293.97,8239.67,3053.44,125.05,501.77
454,Montecarlo,,https://www.fortuneindia.com/fortune-500/company-list/montecarlo,2019,2468.01,2456.2,145.75,1262.17,737.06,0,129.59
455,Siyaram Silk Mills,,https://www.fortuneindia.com/fortune-500/company-list/siyaram-silk-mills,2019,2467.4,2442.19,99.09,1269.94,754.9,10.31,198.21
456,Solar Industries India,,https://www.fortuneindia.com/fortune-500/company-list/solar-industries-india,2019,2466.15,2461.57,261.61,1889.96,1238.33,0,174.06
457,Jayant Agro Organics,,https://www.fortuneindia.com/fortune-500/company-list/jayant-agro-organics,2019,2465.02,2433.34,55.8,847.53,376.78,0.98,38.64
458,Himadri Speciality Chemical,,https://www.fortuneindia.com/fortune-500/company-list/himadri-speciality-chemical,2019,2447.34,2422.39,324.29,2114.92,1631.79,0,59.56
459,Granules India,,https://www.fortuneindia.com/fortune-500/company-list/granules-india,2019,2438.04,2279.2,236.41,2533.23,1529.47,0,209.82
460,HT Media,,https://www.fortuneindia.com/fortune-500/company-list/ht-media,2019,2435.92,2193.87,-45.4,3970.21,2474.95,0,381.99
461,Hindusthan National Glass & Industries,,https://www.fortuneindia.com/fortune-500/company-list/hindusthan-national-glass-industries,2019,2424.71,2403.52,-172.95,2405.5,-21.55,0,206.12
462,Dalmia Bharat Sugar & Industries,,https://www.fortuneindia.com/fortune-500/company-list/dalmia-bharat-sugar-industries,2019,2421.21,2018.51,175.15,2611.58,1531.7,0,118.66
463,Nilkamal,,https://www.fortuneindia.com/fortune-500/company-list/nilkamal,2019,2421.08,2362.36,117.33,1071.75,937,5.97,186.66
464,Parag Milk Foods,,https://www.fortuneindia.com/fortune-500/company-list/parag-milk-foods,2019,2417.91,2395.66,120.72,1071.85,827.14,0,94.99
465,3M India,,https://www.fortuneindia.com/fortune-500/company-list/3m-india,2019,2415.06,2331.65,366.18,1475.53,1432.84,0,330.21
466,Jagran Prakashan,,https://www.fortuneindia.com/fortune-500/company-list/jagran-prakashan,2019,2403.92,2362.65,260.55,2534.32,1875.71,0,419.23
467,Religare Enterprises,,https://www.fortuneindia.com/fortune-500/company-list/religare-enterprises,2019,2401.72,2370.93,-1287.17,8571.51,833.05,0,517.63
468,Huhtamaki PPL,,https://www.fortuneindia.com/fortune-500/company-list/huhtamaki-ppl,2019,2397.38,2369.07,34.88,974.97,556.48,0,235.17
469,Sarda Energy & Minerals,,https://www.fortuneindia.com/fortune-500/company-list/sarda-energy-minerals,2019,2379.12,2323.89,203.18,3277.89,1778.02,0,87.35
470,KNR Constructions,,https://www.fortuneindia.com/fortune-500/company-list/knr-constructions,2019,2370.24,2291.5,270.51,2155.27,1310.82,0,94.77
471,Relaxo Footwears,,https://www.fortuneindia.com/fortune-500/company-list/relaxo-footwears,2019,2360.3,2292.08,175.44,1226.08,1105.07,0,258.66
472,Johnson Controls-Hitachi Air Condition. India,,https://www.fortuneindia.com/fortune-500/company-list/johnson-controls-hitachi-air-condition-india,2019,2359.17,2241.3,85.94,864.95,612.99,0,165.15
473,Equitas Holdings,,https://www.fortuneindia.com/fortune-500/company-list/equitas-holdings,2019,2358.53,2275.3,176.59,15252.76,2443.7,0,567.66
474,Phoenix Mills,,https://www.fortuneindia.com/fortune-500/company-list/phoenix-mills,2019,2356.8,1981.56,421.02,9125.39,3474.12,0,161.5
475,Nahar Spinning Mills,,https://www.fortuneindia.com/fortune-500/company-list/nahar-spinning-mills,2019,2350.18,2305.2,65.12,1764.19,876.96,0,220.19
476,Asian Star Company,,https://www.fortuneindia.com/fortune-500/company-list/asian-star-company,2019,2348.43,2307.21,114.93,1778.35,1073.52,0,57.44
477,Sandhar Technologies,,https://www.fortuneindia.com/fortune-500/company-list/sandhar-technologies,2019,2345.9,2335.82,95.16,1004.88,719.59,7.79,311.69
478,Rites,,https://www.fortuneindia.com/fortune-500/company-list/rites,2019,2343.7,2047.45,469.51,2728.78,2422.1,175,487.09
479,Sunflag Iron & Steel Company,,https://www.fortuneindia.com/fortune-500/company-list/sunflag-iron-steel-company,2019,2341.52,2229.49,110.25,1340.3,940.14,0,102.08
480,Laurus Labs,,https://www.fortuneindia.com/fortune-500/company-list/laurus-labs,2019,2340.06,2291.92,93.76,2684.5,1558.41,0,276.33
481,Pfizer,,https://www.fortuneindia.com/fortune-500/company-list/pfizer,2019,2339.77,2081.5,429.05,3048.57,3011.34,0,323.84
482,Century Plyboards (India),,https://www.fortuneindia.com/fortune-500/company-list/century-plyboards-india,2019,2312.74,2280.39,148.45,1534.87,974.92,0,345.61
483,Omaxe,,https://www.fortuneindia.com/fortune-500/company-list/omaxe,2019,2298.56,1166.51,49.01,3785.91,1740.43,0,101.58
484,Savita Oil Technologies,,https://www.fortuneindia.com/fortune-500/company-list/savita-oil-technologies,2019,2297.93,2262.52,114.27,860.88,851.6,0,52.11
485,Power Mech Projects,,https://www.fortuneindia.com/fortune-500/company-list/power-mech-projects,2019,2273.82,2261.3,121.62,1311.34,819.35,0,393.18
486,Mcleod Russel India,,https://www.fortuneindia.com/fortune-500/company-list/mcleod-russel-india,2019,2266.94,1719.66,31.85,3877.8,1689.84,0,819.95
487,Natco Pharma,,https://www.fortuneindia.com/fortune-500/company-list/natco-pharma,2019,2258.6,2094.5,644.4,3949.1,3489,91.9,355.9
488,Kirloskar Industries,,https://www.fortuneindia.com/fortune-500/company-list/kirloskar-industries,2019,2250.76,2222.09,84.08,1845.65,1365.69,20.39,100.15
489,HIL,,https://www.fortuneindia.com/fortune-500/company-list/hil,2019,2246.86,2208.02,101.4,1338.99,637.19,9.34,251.11
490,Meghmani Organics,,https://www.fortuneindia.com/fortune-500/company-list/meghmani-organics,2019,2233.89,2087.86,251.27,1884.48,1003.6,15.26,79.99
491,Jamna Auto Industries,,https://www.fortuneindia.com/fortune-500/company-list/jamna-auto-industries,2019,2216.47,2134.81,137.45,542.02,509.55,19.92,158.03
492,Jindal Worldwide,,https://www.fortuneindia.com/fortune-500/company-list/jindal-worldwide,2019,2205.39,2211.98,30.03,1004.6,349.66,0,29.45
493,Linde India,,https://www.fortuneindia.com/fortune-500/company-list/linde-india,2019,2203.12,2191.65,25.69,2741.24,1461.87,0,127.29
494,Sheela Foam,,https://www.fortuneindia.com/fortune-500/company-list/sheela-foam,2019,2182.21,2141.45,133.74,838.27,730.1,0,177.32
495,HeidelbergCement India,,https://www.fortuneindia.com/fortune-500/company-list/heidelbergcement-india,2019,2173.35,2133.35,220.66,1776.86,1171.19,0,123.9
496,Kirloskar Ferrous Industries,,https://www.fortuneindia.com/fortune-500/company-list/kirloskar-ferrous-industries,2019,2173.27,2159.15,98.11,787.45,658.11,13.77,93.74
497,Rolta India,,https://www.fortuneindia.com/fortune-500/company-list/rolta-india,2019,2172.03,2161.29,-3657.42,6449.38,-1298.38,0,537.9
498,Pennar Industries,,https://www.fortuneindia.com/fortune-500/company-list/pennar-industries,2019,2168.5,2133.11,66.44,1132.84,667.49,0,152.93
499,Cosmo Films,,https://www.fortuneindia.com/fortune-500/company-list/cosmo-films,2019,2163.68,2156.52,61.11,1548.66,680.24,0,131.4
500,TTK Prestige,,https://www.fortuneindia.com/fortune-500/company-list/ttk-prestige,2019,2162.79,2106.91,192.35,1259.75,1164.14,0,185.98